Nama,Kategori,Invoice,Success at
Monserrate Hoeger,Atasan Wanita,Rp.5000, 2020-11-16 06:50:48
Mrs. Clemmie Von,Atasan Wanita,Rp.5000, 2020-11-16 06:50:48
Malika Frami,Atasan Wanita,Rp.5000, 2020-11-16 06:50:48
Mr. Damon Braun,Atasan Wanita,Rp.5000, 2020-11-16 06:50:48
Amina Smitham,Atasan Wanita,Rp.5000, 2020-11-16 06:50:48
Olga Lemke,Atasan Wanita,Rp.5000, 2020-11-16 06:50:48
Gail Kulas MD,Atasan Wanita,Rp.5000, 2020-11-16 06:50:48
Bertrand Stokes,Atasan Wanita,Rp.5000, 2020-11-16 06:50:48
Prof. Garnet Raynor,Atasan Wanita,Rp.5000, 2020-11-16 06:50:48
Dr. Erling Blanda DVM,Atasan Wanita,Rp.5000, 2020-11-16 06:50:48
Wiley Upton,Atasan Wanita,Rp.30000, 2020-11-16 06:50:24
Prof. Nicholaus Rath PhD,Atasan Wanita,Rp.30000, 2020-11-16 06:50:24
Miss Madilyn Kozey,Atasan Wanita,Rp.30000, 2020-11-16 06:50:24
Lela Kuhlman,Atasan Wanita,Rp.30000, 2020-11-16 06:50:24
Bria Hand,Atasan Wanita,Rp.30000, 2020-11-16 06:50:24
Ms. Syble Stamm Jr.,Atasan Wanita,Rp.30000, 2020-11-16 06:50:24
Mr. Keegan Waelchi,Atasan Wanita,Rp.30000, 2020-11-16 06:50:24
Presley Connelly II,Atasan Wanita,Rp.30000, 2020-11-16 06:50:24
Johann Wisozk V,Atasan Wanita,Rp.30000, 2020-11-16 06:50:24
Waino Leannon,Atasan Wanita,Rp.30000, 2020-11-16 06:50:24
Monserrate Hoeger,Atasan Wanita,Rp.5000, 2020-11-16 06:50:48
Mrs. Clemmie Von,Atasan Wanita,Rp.5000, 2020-11-16 06:50:48
Malika Frami,Atasan Wanita,Rp.5000, 2020-11-16 06:50:48
Mr. Damon Braun,Atasan Wanita,Rp.5000, 2020-11-16 06:50:48
Amina Smitham,Atasan Wanita,Rp.5000, 2020-11-16 06:50:48
Olga Lemke,Atasan Wanita,Rp.5000, 2020-11-16 06:50:48
Gail Kulas MD,Atasan Wanita,Rp.5000, 2020-11-16 06:50:48
Bertrand Stokes,Atasan Wanita,Rp.5000, 2020-11-16 06:50:48
Prof. Garnet Raynor,Atasan Wanita,Rp.5000, 2020-11-16 06:50:48
Dr. Erling Blanda DVM,Atasan Wanita,Rp.5000, 2020-11-16 06:50:48
